Domain,Have_IP,Have_At,URL_Length,URL_Depth,Redirection,https_Domain,TinyURL,Prefix/Suffix,DNS_Record,Web_Traffic,Domain_Age,Domain_End,iFrame,Mouse_Over,Right_Click,Web_Forwards,Label
twitter.com,0,0,0,0,0,0,0,0,0,0,0,0,0,0,0,0,0
google.com,0,0,0,0,0,0,0,0,0,0,0,0,0,0,0,0,0
youtube.com,0,0,0,0,0,0,0,0,0,0,0,0,1,0,0,0,0
s.w.org,0,0,0,0,0,0,0,0,0,0,0,0,1,0,0,0,0
instagram.com,0,0,0,0,0,0,0,0,0,0,0,0,0,0,0,0,0
googletagmanager.com,0,0,0,0,0,0,0,0,0,0,0,0,0,0,0,0,0
linkedin.com,0,0,0,0,0,0,0,0,0,0,0,0,1,0,0,0,0
ajax.googleapis.com,0,0,0,0,0,0,0,0,1,0,1,1,0,0,0,0,0
plus.google.com,0,0,0,0,0,0,0,0,0,0,0,0,0,0,0,0,0
gmpg.org,0,0,0,0,0,0,0,0,0,0,0,1,0,0,0,0,0
pinterest.com,0,0,0,0,0,0,1,0,0,0,0,0,0,0,0,0,0
fonts.gstatic.com,0,0,0,0,0,0,0,0,0,0,0,0,0,0,0,0,0
wordpress.org,0,0,0,0,0,0,0,0,0,0,0,0,1,0,0,0,0
en.wikipedia.org,0,0,0,0,0,0,0,0,0,0,0,0,0,0,0,0,0
youtu.be,0,0,0,0,0,0,0,0,0,0,1,1,1,0,0,0,0
maps.google.com,0,0,0,0,0,0,0,0,0,0,0,0,0,0,0,0,0
itunes.apple.com,0,0,0,0,0,0,0,0,0,0,0,0,0,0,0,0,0
github.com,0,0,0,0,0,0,0,0,0,0,0,0,0,0,0,0,0
bit.ly,0,0,0,0,0,0,1,0,0,0,0,0,1,0,0,0,0
play.google.com,0,0,0,0,0,0,0,0,0,0,0,0,0,0,0,0,0
goo.gl,0,0,0,0,0,0,1,0,0,0,1,1,1,0,0,0,0
docs.google.com,0,0,0,0,0,0,0,0,0,0,0,0,0,0,0,1,0
cdnjs.cloudflare.com,0,0,0,0,0,0,0,0,0,0,0,0,0,0,0,0,0
vimeo.com,0,0,0,0,0,0,0,0,0,0,0,0,0,0,0,0,0
support.google.com,0,0,0,0,0,0,0,0,0,0,0,0,0,0,0,0,0
google-analytics.com,0,0,0,0,0,0,0,1,0,0,0,1,0,0,0,0,0
maps.googleapis.com,0,0,0,0,0,0,0,0,1,0,1,1,0,0,0,0,0
flickr.com,0,0,0,0,0,0,0,0,0,0,0,0,0,0,0,0,0
vk.com,0,0,0,0,0,0,0,0,0,0,0,1,0,0,0,0,0
t.co,0,0,0,0,0,0,1,0,0,0,0,1,0,0,0,0,0
reddit.com,0,0,0,0,0,0,1,0,0,0,0,0,0,0,0,0,0
amazon.com,0,0,0,0,0,0,0,0,0,0,0,0,0,0,0,0,0
medium.com,0,0,0,0,0,0,0,0,0,0,0,1,0,0,0,0,0
sites.google.com,0,0,0,0,0,0,0,0,0,0,0,0,0,0,0,1,0
drive.google.com,0,0,0,0,0,0,0,0,0,0,0,0,0,0,0,1,0
creativecommons.org,0,0,0,0,0,0,0,0,0,0,0,0,0,0,0,0,0
microsoft.com,0,0,0,0,0,0,1,0,0,0,0,0,0,0,0,0,0
developers.google.com,0,0,0,0,0,0,0,0,0,0,0,0,0,0,0,0,0
adobe.com,0,0,0,0,0,0,0,0,0,0,0,1,0,0,0,0,0
soundcloud.com,0,0,0,0,0,0,0,0,0,0,0,1,0,0,0,0,0
theguardian.com,0,0,0,0,0,0,0,0,0,0,0,0,0,0,0,0,0
apis.google.com,0,0,0,0,0,0,0,0,0,0,0,0,0,0,0,0,0
ec.europa.eu,0,0,0,0,0,0,0,0,0,0,1,1,0,0,0,0,0
lh3.googleusercontent.com,0,0,0,0,0,0,1,0,0,0,0,0,0,0,0,0,0
chrome.google.com,0,0,0,0,0,0,0,0,0,0,0,0,0,0,0,0,0
cloudflare.com,0,0,0,0,0,0,0,0,0,0,0,0,0,0,0,0,0
nytimes.com,0,0,0,0,0,0,0,0,0,0,0,0,1,0,0,0,0
maxcdn.bootstrapcdn.com,0,0,0,0,0,0,0,0,0,0,0,1,0,0,0,0,0
support.microsoft.com,0,0,0,0,0,0,1,0,0,0,0,0,1,0,0,0,0
blogger.com,0,0,0,0,0,0,0,0,0,0,0,1,0,0,0,1,0
forbes.com,0,0,0,0,0,0,0,0,0,0,0,1,0,0,0,0,0
s3.amazonaws.com,0,0,0,0,0,0,0,0,0,0,0,0,0,0,0,0,0
code.jquery.com,0,0,0,0,0,0,0,0,0,0,0,0,0,0,0,0,0
dropbox.com,0,0,0,0,0,0,1,0,0,0,0,0,1,1,1,1,0
translate.google.com,0,0,0,0,0,0,0,0,0,0,0,0,0,0,0,0,0
paypal.com,0,0,0,0,0,0,0,0,0,0,0,1,0,0,0,0,0
apps.apple.com,0,0,0,0,0,0,0,0,0,0,0,0,0,0,0,0,0
tinyurl.com,0,0,0,0,0,0,1,0,0,0,0,0,0,0,0,0,0
etsy.com,0,0,0,0,0,0,0,0,0,0,0,0,0,0,0,0,0
theatlantic.com,0,0,0,0,0,0,0,0,0,0,0,0,1,1,1,1,0
m.facebook.com,0,0,0,0,0,0,0,0,0,0,0,0,0,0,0,0,0
archive.org,0,0,0,0,0,0,0,0,0,0,0,0,0,0,0,0,0
amzn.to,0,0,0,0,0,0,0,0,0,0,1,1,0,0,0,0,0
cnn.com,0,0,0,0,0,0,0,0,0,0,0,0,0,0,0,0,0
policies.google.com,0,0,0,0,0,0,0,0,0,0,0,0,0,0,0,0,0
commons.wikimedia.org,0,0,0,0,0,0,0,0,0,0,0,0,0,0,0,0,0
issuu.com,0,0,0,0,0,0,0,0,0,0,0,0,0,0,0,0,0
i.imgur.com,0,0,0,0,0,0,0,0,0,0,0,0,0,0,0,0,0
wordpress.com,0,0,0,0,0,0,0,0,0,0,0,0,0,0,0,0,0
wp.me,0,0,0,0,0,0,1,0,0,0,0,1,0,0,0,0,0
businessinsider.com,0,0,0,0,0,0,0,0,0,0,0,0,0,0,0,0,0
yelp.com,0,0,0,0,0,0,0,0,0,0,0,0,0,0,0,0,0
mail.google.com,0,0,0,0,0,0,0,0,0,0,0,0,0,0,0,1,0
support.apple.com,0,0,0,0,0,0,0,0,0,0,0,0,0,0,0,0,0
t.me,0,0,0,0,0,0,0,0,0,0,0,1,0,0,0,0,0
apple.com,0,0,0,0,0,0,0,0,0,0,0,0,0,0,0,0,0
washingtonpost.com,0,0,0,0,0,0,1,0,0,0,0,0,0,0,0,0,0
bbc.com,0,0,0,0,0,0,0,0,0,0,0,0,0,0,0,0,0
gstatic.com,0,0,0,0,0,0,0,0,0,0,0,0,0,0,0,0,0
imgur.com,0,0,0,0,0,0,0,0,0,0,0,0,1,0,0,0,0
amazon.de,0,0,0,0,0,0,0,0,0,0,1,1,0,0,0,0,0
bbc.co.uk,0,0,0,0,0,0,0,0,0,0,0,0,0,0,0,0,0
googleads.g.doubleclick.net,0,0,0,0,0,0,0,0,0,0,0,0,0,0,0,0,0
mozilla.org,0,0,0,0,0,0,0,0,0,0,0,0,0,0,0,0,0
eventbrite.com,0,0,0,0,0,0,0,0,0,0,0,0,0,0,0,0,0
slideshare.net,0,0,0,0,0,0,0,0,0,0,0,0,0,0,0,0,0
w3.org,0,0,0,0,0,0,0,0,0,0,0,0,0,0,0,0,0
forms.gle,0,0,0,0,0,0,0,0,0,0,1,1,0,0,0,0,0
platform.twitter.com,0,0,0,0,0,0,0,0,0,0,0,0,0,0,0,0,0
accounts.google.com,0,0,0,0,0,0,0,0,0,0,0,0,0,0,0,1,0
telegraph.co.uk,0,0,0,0,0,0,0,0,0,0,0,1,0,0,0,0,0
messenger.com,0,0,0,0,0,0,0,0,0,0,0,0,0,0,0,0,0
web.archive.org,0,0,0,0,0,0,0,0,0,0,0,0,0,0,0,0,0
secure.gravatar.com,0,0,0,0,0,0,0,0,0,0,0,0,0,0,0,0,0
usatoday.com,0,0,0,0,0,0,0,0,0,0,0,0,1,0,0,0,0
huffingtonpost.com,0,0,0,0,0,0,1,0,0,0,0,0,0,0,0,0,0
stackoverflow.com,0,0,0,0,0,0,0,0,0,0,0,0,0,0,0,0,0
fb.com,0,0,0,0,0,0,0,0,0,0,0,0,0,0,0,0,0
npr.org,0,0,0,0,0,0,0,0,0,0,0,0,1,0,0,0,0
techcrunch.com,0,0,0,0,0,0,0,0,0,0,0,1,1,0,0,0,0
wired.com,0,0,0,0,0,0,0,0,0,0,0,0,1,0,0,0,0
eepurl.com,0,0,0,0,0,0,0,0,0,0,0,0,0,0,0,0,0
reuters.com,0,0,0,0,0,0,0,0,0,0,0,1,0,0,0,0,0
arxiv.org,0,0,0,0,0,0,0,0,0,0,0,0,0,0,0,0,0
i0.wp.com,0,0,0,0,0,0,0,0,0,0,0,0,0,0,0,0,0
finance.yahoo.com,0,0,0,0,0,0,0,0,0,0,0,0,0,0,0,0,0
player.vimeo.com,0,0,0,0,0,0,0,0,0,0,0,0,0,0,0,0,0
amazon.fr,0,0,0,0,0,0,0,0,0,0,1,1,0,0,0,0,0
developer.mozilla.org,0,0,0,0,0,0,0,0,0,0,0,0,0,0,0,0,0
tumblr.com,0,0,0,0,0,0,0,0,0,0,0,0,1,1,1,1,0
cnbc.com,0,0,0,0,0,0,0,0,0,0,0,0,0,0,0,0,0
booking.com,0,0,0,0,0,0,0,0,0,0,0,0,1,0,0,0,0
zoom.us,0,0,0,0,0,0,0,0,0,0,1,1,0,0,0,0,0
tools.google.com,0,0,0,0,0,0,0,0,0,0,0,0,0,0,0,0,0
wa.me,0,0,0,0,0,0,0,0,0,0,0,0,1,1,1,1,0
paypal.me,0,0,0,0,0,0,0,0,0,0,0,1,0,0,0,1,0
slack.com,0,0,0,0,0,0,0,0,0,0,0,0,0,0,0,0,0
adwords.google.com,0,0,0,0,0,0,0,0,0,0,0,0,1,0,0,0,0
independent.co.uk,0,0,0,0,0,0,1,0,0,0,0,0,1,0,0,0,0
discord.gg,0,0,0,0,0,0,0,0,0,0,1,1,0,0,0,0,0
open.spotify.com,0,0,0,0,0,0,0,0,0,0,0,0,0,0,0,0,0
tripadvisor.com,0,0,0,0,0,0,0,0,0,0,0,0,0,0,0,0,0
gsuite.google.com,0,0,0,0,0,0,0,0,0,0,0,0,1,1,1,1,0
behance.net,0,0,0,0,0,0,0,0,0,0,1,1,0,0,0,0,0
thinkwithgoogle.com,0,0,0,0,0,0,0,0,0,0,0,1,0,0,0,0,0
who.int,0,0,0,0,0,0,0,0,0,0,1,1,1,1,1,1,0
cloud.google.com,0,0,0,0,0,0,0,0,0,0,0,0,0,0,0,0,0
calendar.google.com,0,0,0,0,0,0,0,0,0,0,0,0,0,0,0,0,0
ibm.com,0,0,0,0,0,0,0,0,0,0,0,0,0,0,0,0,0
analytics.google.com,0,0,0,0,0,0,0,0,0,0,0,0,0,0,0,0,0
lh5.googleusercontent.com,0,0,0,0,0,0,1,0,0,0,0,0,0,0,0,0,0
docs.microsoft.com,0,0,0,0,0,0,1,0,0,0,0,0,0,0,0,0,0
groups.google.com,0,0,0,0,0,0,0,0,0,0,0,0,1,1,1,1,0
mixcloud.com,0,0,0,0,0,0,0,0,0,0,0,0,0,0,0,0,0
google.co.in,0,0,0,0,0,0,0,0,0,0,0,1,0,0,0,0,0
latimes.com,0,0,0,0,0,0,0,0,0,0,0,0,0,0,0,0,0
gist.github.com,0,0,0,0,0,0,0,0,0,0,0,0,0,0,0,0,0
download.macromedia.com,0,0,0,0,0,0,0,0,0,0,0,1,0,0,0,1,0
dailymail.co.uk,0,0,0,0,0,0,0,0,0,0,0,0,1,0,0,0,0
myaccount.google.com,0,0,0,0,0,0,0,0,0,0,0,0,0,0,0,0,0
line.me,0,0,0,0,0,0,0,0,0,0,1,1,1,0,0,0,0
unsplash.com,0,0,0,0,0,0,0,0,0,0,0,1,0,0,0,0,0
addons.mozilla.org,0,0,0,0,0,0,0,0,0,0,0,0,0,0,0,0,0
msdn.microsoft.com,0,0,0,0,0,0,1,0,0,0,0,0,1,1,1,1,0
storage.googleapis.com,0,0,0,0,0,0,0,0,1,0,1,1,0,0,0,0,0
pagead2.googlesyndication.com,0,0,0,0,0,0,0,0,0,0,0,0,1,1,1,1,0
cdn.jsdelivr.net,0,0,0,0,0,0,0,0,0,0,0,1,0,0,0,0,0
g.co,0,0,0,0,0,0,0,0,0,0,1,1,1,1,1,1,0
meetup.com,0,0,0,0,0,0,0,0,0,0,0,1,1,0,0,0,0
bloomberg.com,0,0,0,0,0,0,0,0,0,0,0,1,0,0,0,0,0
books.google.com,0,0,0,0,0,0,0,0,0,0,0,0,0,0,0,0,0
vox.com,0,0,0,0,0,0,1,0,0,0,0,1,1,0,0,0,0
imdb.com,0,0,0,0,0,0,0,0,0,0,0,0,0,0,0,0,0
arstechnica.com,0,0,0,0,0,0,0,0,0,0,0,0,1,0,0,0,0
support.mozilla.org,0,0,0,0,0,0,0,0,0,0,0,0,0,0,0,0,0
amazon.co.uk,0,0,0,0,0,0,0,0,0,0,0,0,0,0,0,0,0
statista.com,0,0,0,0,0,0,0,0,0,0,0,0,1,0,0,0,0
google.ca,0,0,0,0,0,0,0,0,0,0,1,1,0,0,0,0,0
nbcnews.com,0,0,0,0,0,0,0,0,0,0,0,0,0,0,0,0,0
steemit.com,0,0,0,0,0,0,1,0,0,0,0,0,0,0,0,0,0
upload.wikimedia.org,0,0,0,0,0,0,0,0,0,0,0,0,1,1,1,1,0
aws.amazon.com,0,0,0,0,0,0,0,0,0,0,0,0,0,0,0,0,0
amazon.co.jp,0,0,0,0,0,0,0,0,0,0,1,1,0,0,0,0,0
w3schools.com,0,0,0,0,0,0,0,0,0,0,0,0,1,0,0,0,0
weibo.com,0,0,0,0,0,0,0,0,0,0,0,0,1,1,1,1,0
twitch.tv,0,0,0,0,0,0,0,0,0,0,1,1,0,0,0,0,0
moz.com,0,0,0,0,0,0,0,0,0,0,0,1,0,0,0,0,0
drupal.org,0,0,0,0,0,0,0,0,0,0,0,0,1,0,0,0,0
nypost.com,0,0,0,0,0,0,1,0,0,0,1,1,0,0,0,0,0
fr.wikipedia.org,0,0,0,0,0,0,0,0,0,0,1,1,0,0,0,0,0
ebay.com,0,0,0,0,0,0,0,0,0,0,1,1,0,0,0,0,0
sourceforge.net,0,0,0,0,0,0,0,0,0,0,1,1,0,0,0,0,0
godaddy.com,0,0,0,0,0,0,0,0,0,0,0,0,0,0,0,0,0
ncbi.nlm.nih.gov,0,0,0,0,0,0,0,0,0,0,0,0,0,0,0,0,0
wsj.com,0,0,0,0,0,0,0,0,0,0,0,1,0,0,0,0,0
thenextweb.com,0,0,0,0,0,0,0,0,0,0,0,1,0,0,0,0,0
cdc.gov,0,0,0,0,0,0,0,0,0,0,0,0,0,0,0,0,0
photos.google.com,0,0,0,0,0,0,0,0,0,0,1,1,1,0,0,0,0
trends.google.com,0,0,0,0,0,0,0,0,0,0,0,0,0,0,0,0,0
opera.com,0,0,0,0,0,0,0,0,0,0,0,0,0,0,0,0,0
ftc.gov,0,0,0,0,0,0,0,0,0,0,0,0,0,0,0,0,0
j.mp,0,0,0,0,0,0,1,0,0,0,1,1,1,0,0,0,0
about.me,0,0,0,0,0,0,0,0,0,0,0,0,0,0,0,0,0
gov.uk,0,0,0,0,0,0,0,0,0,0,1,1,0,0,0,0,0
i.ytimg.com,0,0,0,0,0,0,0,0,0,0,0,0,0,0,0,0,0
squareup.com,0,0,0,0,0,0,0,0,0,0,0,1,0,0,0,0,0
google.co.uk,0,0,0,0,0,0,0,0,0,0,1,1,0,0,0,0,0
buzzfeed.com,0,0,0,0,0,0,0,0,0,0,0,1,0,0,0,0,0
developer.apple.com,0,0,0,0,0,0,0,0,0,0,1,1,0,0,0,0,0
pixabay.com,0,0,0,0,0,0,0,0,0,0,0,0,0,0,0,0,0
quora.com,0,0,0,0,0,0,0,0,0,0,0,0,0,0,0,0,0
cnet.com,0,0,0,0,0,0,1,0,0,0,1,1,0,0,0,0,0
google.com.au,0,0,0,0,0,0,0,0,0,0,1,1,0,0,0,0,0
myspace.com,0,0,0,0,0,0,0,0,0,0,0,0,0,0,0,0,0
theglobeandmail.com,0,0,0,0,0,0,0,0,0,0,0,1,1,0,0,0,0
shopify.com,0,0,0,0,0,0,0,0,0,0,0,0,0,0,0,0,0
whitehouse.gov,0,0,0,0,0,0,0,0,0,0,1,1,0,0,0,0,0
marketingplatform.google.com,0,0,0,0,0,0,0,0,0,0,0,0,0,0,0,0,0
kickstarter.com,0,0,0,0,0,0,0,0,0,0,0,0,0,0,0,0,0
freelancer.com,0,0,0,0,0,0,0,0,0,0,0,0,0,0,0,0,0
evernote.com,0,0,0,0,0,0,0,0,0,0,0,0,0,0,0,0,0
gmail.com,0,0,0,0,0,0,0,0,0,0,1,1,0,0,0,1,0
static.wixstatic.com,0,0,0,0,0,0,0,0,0,0,0,0,0,0,0,0,0
fortune.com,0,0,0,0,0,0,0,0,0,0,0,0,1,0,0,0,0
wix.com,0,0,0,0,0,0,1,0,0,0,0,0,1,1,1,1,0
dailymotion.com,0,0,0,0,0,0,0,0,0,0,0,0,1,1,1,1,0
goodreads.com,0,0,0,0,0,0,0,0,0,0,1,1,0,0,0,0,0
podcasts.google.com,0,0,0,0,0,0,0,0,0,0,0,0,0,0,0,0,0
google.co.jp,0,0,0,0,0,0,0,0,0,0,1,1,0,0,0,0,0
support.cloudflare.com,0,0,0,0,0,0,0,0,0,0,1,1,0,0,0,0,0
surveymonkey.com,0,0,0,0,0,0,0,0,0,0,0,0,0,0,0,0,0
cbsnews.com,0,0,0,0,0,0,0,0,0,0,1,1,0,0,0,0,0
entrepreneur.com,0,0,0,0,0,0,0,0,0,0,1,1,1,0,0,0,0
bing.com,0,0,0,0,0,0,0,0,0,0,1,1,0,0,0,0,0
engadget.com,0,0,0,0,0,0,1,0,0,0,0,0,0,0,0,0,0
lh4.googleusercontent.com,0,0,0,0,0,0,1,0,0,0,0,0,1,1,1,1,0
tandfonline.com,0,0,0,0,0,0,0,0,0,0,0,1,0,0,0,0,0
cargocollective.com,0,0,0,0,0,0,0,0,0,0,0,0,0,0,0,0,0
join.slack.com,0,0,0,0,0,0,0,0,0,0,0,0,0,0,0,0,0
api.whatsapp.com,0,0,0,0,0,0,0,0,0,0,0,0,0,0,0,0,0
shutterstock.com,0,0,0,0,0,0,0,0,0,0,1,1,0,0,0,0,0
pbs.twimg.com,0,0,0,0,0,0,0,0,0,0,0,1,0,0,0,0,0
blog.google,0,0,0,0,0,0,0,0,0,0,0,1,1,0,0,0,0
ads.google.com,0,0,0,0,0,0,0,0,0,0,0,0,1,0,0,0,0
time.com,0,0,0,0,0,0,0,0,0,0,0,0,1,0,0,0,0
lifehacker.com,0,0,0,0,0,0,0,0,0,0,0,1,0,0,0,0,0
patreon.com,0,0,0,0,0,0,0,0,0,0,0,0,0,0,0,0,0
scribd.com,0,0,0,0,0,0,0,0,0,0,0,1,1,0,0,0,0
lh6.googleusercontent.com,0,0,0,0,0,0,1,0,0,0,0,0,0,0,0,0,0
feeds.feedburner.com,0,0,0,0,0,0,0,0,0,0,1,1,0,0,0,0,0
trello.com,0,0,0,0,0,0,0,0,0,0,0,0,0,0,0,0,0
ted.com,0,0,0,0,0,0,0,0,0,0,0,0,0,0,0,0,0
helpx.adobe.com,0,0,0,0,0,0,0,0,0,0,0,1,0,0,0,0,0
researchgate.net,0,0,0,0,0,0,0,0,0,0,1,1,0,0,0,0,0
fda.gov,0,0,0,0,0,0,0,0,0,0,0,0,0,0,0,0,0
instructables.com,0,0,0,0,0,0,0,0,0,0,0,1,0,0,0,0,0
google.de,0,0,0,0,0,0,0,0,0,0,1,1,0,0,0,0,0
digitalocean.com,0,0,0,0,0,0,0,0,0,0,0,0,0,0,0,0,0
dribbble.com,0,0,0,0,0,0,0,0,0,0,1,1,0,0,0,0,0
ssl.gstatic.com,0,0,0,0,0,0,0,0,0,0,1,1,0,0,0,0,0
variety.com,0,0,0,0,0,0,0,0,0,0,1,1,1,0,0,0,0
indiegogo.com,0,0,0,0,0,0,0,0,0,0,1,1,0,0,0,0,0
salesforce.com,0,0,0,0,0,0,0,0,0,0,0,0,0,0,0,1,0
uk.linkedin.com,0,0,0,0,0,0,0,0,0,0,1,1,1,0,0,0,0
nasa.gov,0,0,0,0,0,0,0,0,0,0,1,1,0,0,0,0,0
codepen.io,0,0,0,0,0,0,0,0,0,0,1,1,0,0,0,0,0
newyorker.com,0,0,0,0,0,0,0,0,0,0,0,0,1,0,0,0,0
abcnews.go.com,0,0,0,0,0,0,0,0,0,0,0,0,0,0,0,0,0
snapchat.com,0,0,0,0,0,0,1,0,0,0,0,0,0,0,0,0,0
googleadservices.com,0,0,0,0,0,0,0,0,0,0,0,1,0,0,0,0,0
sciencedirect.com,0,0,0,0,0,0,1,0,0,0,1,1,0,0,0,0,0
ft.com,0,0,0,0,0,0,1,0,0,0,1,1,1,0,0,0,0
nature.com,0,0,0,0,0,0,0,0,0,0,0,1,0,0,0,1,0
gofundme.com,0,0,0,0,0,0,0,0,0,0,0,0,0,0,0,0,0
500px.com,0,0,0,0,0,0,1,0,0,0,0,1,0,0,0,0,0
qz.com,0,0,0,0,0,0,0,0,0,0,0,0,0,0,0,0,0
dl.dropboxusercontent.com,0,0,0,0,0,0,1,0,0,0,0,0,0,0,0,0,0
store.steampowered.com,0,0,0,0,0,0,0,0,0,0,0,1,0,0,0,0,0
webmasters.googleblog.com,0,0,0,0,0,0,0,0,0,0,0,1,0,0,0,0,0
podcasts.apple.com,0,0,0,0,0,0,0,0,0,0,0,0,0,0,0,0,0
oracle.com,0,0,0,0,0,0,0,0,0,0,0,0,0,0,0,0,0
m.youtube.com,0,0,0,0,0,0,0,0,0,0,1,1,1,0,0,0,0
gartner.com,0,0,0,0,0,0,0,0,0,0,0,0,0,0,0,0,0
web.facebook.com,0,0,0,0,0,0,0,0,0,0,0,0,0,0,0,0,0
blogs.msdn.com,0,0,0,0,0,0,0,0,0,0,0,1,0,0,0,0,0
mailchi.mp,0,0,0,0,0,0,0,0,0,0,1,1,0,0,0,0,0
digg.com,0,0,0,0,0,0,0,0,0,0,0,0,1,0,0,0,0
skype.com,0,0,0,0,0,0,0,0,0,0,0,0,1,0,0,0,0
periscope.tv,0,0,0,0,0,0,0,0,0,0,1,1,0,0,0,0,0
google.com.br,0,0,0,0,0,0,0,0,0,0,0,1,0,0,0,0,0
googleblog.blogspot.com,0,0,0,0,0,0,1,0,1,0,1,1,1,0,0,0,0
de.wikipedia.org,0,0,0,0,0,0,0,0,0,0,0,0,0,0,0,0,0
search.google.com,0,0,0,0,0,0,0,0,0,0,0,0,0,0,0,0,0
npmjs.com,0,0,0,0,0,0,0,0,0,0,0,0,0,0,0,0,0
motherboard.vice.com,0,0,0,0,0,0,0,0,0,0,0,0,1,0,0,1,0
aboutads.info,0,0,0,0,0,0,0,0,0,0,0,0,0,0,0,0,0
pexels.com,0,0,0,0,0,0,0,0,0,0,0,1,0,0,0,0,0
sxsw.com,0,0,0,0,0,0,0,0,0,0,0,0,0,0,0,0,0
fiverr.com,0,0,0,0,0,0,0,0,0,0,0,0,0,0,0,0,0
code.google.com,0,0,0,0,0,0,0,0,0,0,0,0,0,0,0,0,0
cbc.ca,0,0,0,0,0,0,0,0,0,0,1,1,0,0,0,0,0
venturebeat.com,0,0,0,0,0,0,1,0,0,0,0,0,0,0,0,0,0
hangouts.google.com,0,0,0,0,0,0,0,0,0,0,0,0,0,0,0,1,0
mashable.com,0,0,0,0,0,0,0,0,0,0,0,0,1,0,0,0,0
upwork.com,0,0,0,0,0,0,0,0,0,0,0,0,0,0,0,0,0
bitly.com,0,0,0,0,0,0,1,0,0,0,0,0,1,0,0,0,0
music.apple.com,0,0,0,0,0,0,0,0,0,0,0,0,0,0,0,0,0
loc.gov,0,0,0,0,0,0,0,0,0,0,0,0,0,0,0,0,0
news.google.com,0,0,0,0,0,0,0,0,0,0,0,0,0,0,0,0,0
spotify.com,0,0,0,0,0,0,0,0,0,0,0,0,0,0,0,0,0
netflix.com,0,0,0,0,0,0,1,0,0,0,0,0,0,0,0,0,0
hbr.org,0,0,0,0,0,0,0,0,0,0,0,0,0,0,0,0,0
pbs.org,0,0,0,0,0,0,0,0,0,0,0,1,1,0,0,0,0
stumbleupon.com,0,0,0,0,0,0,0,0,0,0,0,0,0,0,0,0,0
walmart.com,0,0,0,0,0,0,1,0,0,0,0,1,0,0,0,0,0
foursquare.com,0,0,0,0,0,0,0,0,0,0,0,0,0,0,0,0,0
amazon.ca,0,0,0,0,0,0,0,0,0,0,1,1,0,0,0,0,0
tiny.cc,0,0,0,0,0,0,1,0,0,0,0,0,0,0,0,0,0
services.google.com,0,0,0,0,0,0,0,0,0,0,0,0,0,0,0,0,0
xkcd.com,0,0,0,0,0,0,0,0,0,0,0,0,0,0,0,0,0
target.com,0,0,0,0,0,0,1,0,0,0,0,0,0,0,0,0,0
developers.facebook.com,0,0,0,0,0,0,0,0,0,0,0,0,0,0,0,0,0
nginx.com,0,0,0,0,0,0,1,0,0,0,0,0,0,0,0,0,0
canva.com,0,0,0,0,0,0,0,0,0,0,0,1,0,0,0,0,0
s7.addthis.com,0,0,0,0,0,0,0,0,0,0,0,0,0,0,0,0,0
elmundo.es,0,0,0,0,0,0,0,0,0,0,1,1,0,0,0,0,0
i2.wp.com,0,0,0,0,0,0,0,0,0,0,0,0,0,0,0,0,0
gizmodo.com,0,0,0,0,0,0,0,0,0,0,0,1,0,0,0,0,0
expedia.com,0,0,0,0,0,0,0,0,0,0,0,0,1,1,1,1,0
picasaweb.google.com,0,0,0,0,0,0,0,0,0,0,0,0,1,1,1,1,0
money.cnn.com,0,0,0,0,0,0,0,0,0,0,0,0,0,0,0,0,0
timesofindia.indiatimes.com,0,0,0,0,0,0,0,0,0,0,0,0,1,0,0,0,0
yandex.ru,0,0,0,0,0,0,0,0,0,0,0,0,1,1,1,1,0
vice.com,0,0,0,0,0,0,0,0,0,0,0,0,1,0,0,0,0
de-de.facebook.com,0,0,0,0,0,0,0,1,0,0,0,0,0,0,0,0,0
pastebin.com,0,0,0,0,0,0,0,0,0,0,0,0,0,0,0,0,0
samsung.com,0,0,0,0,0,0,0,0,0,0,0,0,1,1,1,1,0
rt.com,0,0,0,0,0,0,1,0,0,0,0,0,1,0,0,0,0
ifttt.com,0,0,0,0,0,0,1,0,0,0,0,1,0,0,0,0,0
dev.mysql.com,0,0,0,0,0,0,0,0,0,0,0,0,0,0,0,0,0
giphy.com,0,0,0,0,0,0,0,0,0,0,1,1,0,0,0,0,0
use.fontawesome.com,0,0,0,0,0,0,0,0,0,0,0,0,0,0,0,0,0
houzz.com,0,0,0,0,0,0,0,0,0,0,0,0,1,0,0,0,0
developer.android.com,0,0,0,0,0,0,0,0,0,0,0,1,0,0,0,0,0
wikipedia.org,0,0,0,0,0,0,0,0,0,0,0,0,1,1,1,1,0
speakerdeck.com,0,0,0,0,0,0,0,0,0,0,0,1,0,0,0,0,0
productforums.google.com,0,0,0,0,0,0,0,0,0,0,0,0,0,0,0,0,0
digitaltrends.com,0,0,0,0,0,0,0,0,0,0,0,1,1,0,0,0,0
steamcommunity.com,0,0,0,0,0,0,0,0,0,0,0,0,0,0,0,0,0
canada.ca,0,0,0,0,0,0,0,0,0,0,1,1,1,1,1,1,0
networkadvertising.org,0,0,0,0,0,0,0,0,0,0,0,0,1,1,1,1,0
linktr.ee,0,0,0,0,0,0,0,0,0,0,0,0,0,0,0,0,0
calendly.com,0,0,0,0,0,0,0,0,0,0,0,0,0,0,0,0,0
lg.com,0,0,0,0,0,0,0,0,0,0,0,0,1,0,0,1,0
yahoo.com,0,0,0,0,0,0,0,0,0,0,0,0,0,0,0,0,0
last.fm,0,0,0,0,0,0,0,0,0,0,0,0,0,0,0,0,0
amazon.es,0,0,0,0,0,0,0,0,0,0,1,1,0,0,0,0,0
businesswire.com,0,0,0,0,0,0,0,0,0,0,0,0,1,1,1,1,0
deezer.com,0,0,0,0,0,0,0,0,0,0,0,0,0,0,0,0,0
dx.doi.org,0,0,0,0,0,0,0,0,0,0,0,0,0,0,0,0,0
udemy.com,0,0,0,0,0,0,0,0,0,0,0,0,0,0,0,0,0
edition.cnn.com,0,0,0,0,0,0,0,0,0,0,0,0,0,0,0,0,0
1.bp.blogspot.com,0,0,0,0,0,0,1,0,1,0,1,1,0,0,0,0,0
l.facebook.com,0,0,0,0,0,0,0,0,0,0,0,0,0,0,0,0,0
dl.dropbox.com,0,0,0,0,0,0,1,0,0,0,1,1,0,0,0,0,0
store.google.com,0,0,0,0,0,0,0,0,0,0,0,0,0,0,0,0,0
gumroad.com,0,0,0,0,0,0,0,0,0,0,0,1,0,0,0,0,0
azure.microsoft.com,0,0,0,0,0,0,1,0,0,0,0,0,0,0,0,0,0
i1.wp.com,0,0,0,0,0,0,0,0,0,0,1,1,0,0,0,0,0
ubuntu.com,0,0,0,0,0,0,0,0,0,0,0,1,1,0,0,0,0
google.ru,0,0,0,0,0,0,0,0,0,0,0,0,1,1,1,1,0
makeuseof.com,0,0,0,0,0,0,0,0,0,0,0,0,1,1,1,1,0
raw.githubusercontent.com,0,0,0,0,0,0,1,0,1,0,1,1,0,0,0,0,0
airbnb.com,0,0,0,0,0,0,0,0,0,0,0,1,0,0,0,0,0
bluehost.com,0,0,0,0,0,0,1,0,0,0,0,0,0,0,0,0,0
deviantart.com,0,0,0,0,0,0,1,0,0,0,0,0,0,0,0,0,0
pewresearch.org,0,0,0,0,0,0,0,0,0,0,0,0,1,1,1,1,0
google.cn,0,0,0,0,0,0,0,0,0,0,0,0,0,0,0,0,0
profiles.google.com,0,0,0,0,0,0,0,0,0,0,0,0,0,0,0,0,0
login.microsoftonline.com,0,0,0,0,0,0,0,0,0,0,0,1,0,0,0,0,0
google.nl,0,0,0,0,0,0,0,0,0,0,1,1,0,0,0,0,0
google.es,0,0,0,0,0,0,0,0,0,0,1,1,0,0,0,0,0
fastcompany.com,0,0,0,0,0,0,0,0,0,0,0,0,0,0,0,0,0
is.gd,0,0,0,0,0,0,1,0,0,0,1,1,0,0,0,0,0
telegram.me,0,0,0,0,0,0,0,0,0,0,0,0,0,0,0,0,0
mediafire.com,0,0,0,0,0,0,0,0,0,0,0,0,1,1,1,1,0
themeforest.net,0,0,0,0,0,0,0,0,0,0,0,0,0,0,0,0,0
openstreetmap.org,0,0,0,0,0,0,0,0,0,0,0,0,0,0,0,0,0
pewinternet.org,0,0,0,0,0,0,0,0,0,0,0,0,1,1,1,1,0
photos.app.goo.gl,0,0,0,0,0,0,1,0,0,0,1,1,0,0,0,0,0
buff.ly,0,0,0,0,0,0,0,0,0,0,0,0,1,0,0,0,0
events.google.com,0,0,0,0,0,0,0,0,0,0,0,0,0,0,0,0,0
link.springer.com,0,0,0,0,0,0,0,0,0,0,0,1,0,0,0,0,0
bizjournals.com,0,0,0,0,0,0,0,0,0,0,0,0,0,0,0,0,0
residentadvisor.net,0,0,0,0,0,0,0,0,0,0,0,0,1,1,1,1,0
golang.org,0,0,0,0,0,0,0,0,0,0,0,1,0,0,0,0,0
vogue.com,0,0,0,0,0,0,0,0,0,0,0,0,1,0,0,0,0
s3-eu-west-1.amazonaws.com,0,0,0,0,0,0,0,1,0,0,0,0,0,0,0,0,0
boardgamegeek.com,0,0,0,0,0,0,0,0,0,0,1,1,0,0,0,0,0
un.org,0,0,0,0,0,0,0,0,0,0,0,0,1,1,1,1,0
i.redd.it,0,0,0,0,0,0,0,0,0,0,0,1,0,0,0,0,0
ad.doubleclick.net,0,0,0,0,0,0,0,0,0,0,0,0,0,0,0,0,0
ow.ly,0,0,0,0,0,0,1,0,0,0,0,0,1,0,0,1,0
get.google.com,0,0,0,0,0,0,0,0,0,0,1,1,1,1,1,1,0
pt.slideshare.net,0,0,0,0,0,0,0,0,0,0,0,0,0,0,0,0,0
buffer.com,0,0,0,0,0,0,0,0,0,0,0,0,1,0,0,0,0
mozilla.com,0,0,0,0,0,0,0,0,0,0,0,0,1,1,1,1,0
chromium.org,0,0,0,0,0,0,0,0,0,0,1,1,0,0,0,0,0
patheos.com,0,0,0,0,0,0,0,0,0,0,0,0,1,0,0,0,0
ancestry.com,0,0,0,0,0,0,0,0,0,0,0,0,1,1,1,1,0
youtube-nocookie.com,0,0,0,0,0,0,0,1,0,0,0,0,1,1,1,1,0
barnesandnoble.com,0,0,0,0,0,0,0,0,0,0,0,1,1,1,1,1,0
amzn.com,0,0,0,0,0,0,0,0,0,0,0,0,1,1,1,1,0
hulu.com,0,0,0,0,0,0,0,0,0,0,0,0,1,1,1,1,0
greenpeace.org,0,0,0,0,0,0,0,0,0,0,0,0,0,0,0,0,0
spiegel.de,0,0,0,0,0,0,0,0,0,0,1,1,0,0,0,0,0
apps.facebook.com,0,0,0,0,0,0,0,0,0,0,0,0,0,0,0,0,0
census.gov,0,0,0,0,0,0,0,0,0,0,0,0,1,1,1,1,0
app.box.com,0,0,0,0,0,0,1,0,0,0,0,0,0,0,0,0,0
windows.microsoft.com,0,0,0,0,0,0,1,0,0,0,0,0,0,0,0,0,0
yandex.com,0,0,0,0,0,0,1,0,0,0,0,0,0,0,0,0,0
sketchfab.com,0,0,0,0,0,0,0,0,0,0,1,1,0,0,0,0,0
avvo.com,0,0,0,0,0,0,0,0,0,0,0,1,0,0,0,0,0
searchengineland.com,0,0,0,0,0,0,0,0,0,0,0,1,0,0,0,0,0
shareasale.com,0,0,0,0,0,0,0,0,0,0,0,0,0,0,0,0,0
abc.net.au,0,0,0,0,0,0,0,0,0,0,1,1,1,1,1,1,0
trustpilot.com,0,0,0,0,0,0,1,0,0,0,0,1,0,0,0,0,0
plaza.rakuten.co.jp,0,0,0,0,0,0,0,0,0,0,1,1,0,0,0,0,0
marriott.com,0,0,0,0,0,0,1,0,0,0,0,0,1,1,1,1,0
amazon.it,0,0,0,0,0,0,0,0,0,0,1,1,0,0,0,0,0
ca.linkedin.com,0,0,0,0,0,0,0,0,0,0,1,1,1,0,0,0,0
uber.com,0,0,0,0,0,0,0,0,0,0,0,0,0,0,0,0,0
coursera.org,0,0,0,0,0,0,0,0,0,0,1,1,0,0,0,0,0
adage.com,0,0,0,0,0,0,0,0,0,0,0,0,0,0,0,0,0
foxnews.com,0,0,0,0,0,0,0,0,0,0,1,1,1,1,1,1,0
flic.kr,0,0,0,0,0,0,0,0,0,0,1,1,0,0,0,0,0
developer.chrome.com,0,0,0,0,0,0,0,0,0,0,0,0,0,0,0,0,0
pl.wikipedia.org,0,0,0,0,0,0,0,0,0,0,1,1,0,0,0,0,0
change.org,0,0,0,0,0,0,0,0,0,0,1,1,0,0,0,0,0
spreaker.com,0,0,0,0,0,0,0,0,0,0,0,1,0,0,0,0,0
filezilla-project.org,0,0,0,0,0,0,0,1,0,0,0,0,0,0,0,0,0
flipboard.com,0,0,0,0,0,0,0,0,0,0,0,0,1,1,1,1,0
pcworld.com,0,0,0,0,0,0,0,0,0,0,0,0,1,1,1,1,0
news.yahoo.com,0,0,0,0,0,0,0,0,0,0,1,1,0,0,0,0,0
pitchfork.com,0,0,0,0,0,0,0,0,0,0,0,0,1,0,0,0,0
weforum.org,0,0,0,0,0,0,0,0,0,0,0,0,0,0,0,0,0
istockphoto.com,0,0,0,0,0,0,0,0,0,0,0,0,0,0,0,0,0
9to5mac.com,0,0,0,0,0,0,0,0,0,0,0,0,1,0,0,0,0
1drv.ms,0,0,0,0,0,0,0,0,0,0,1,1,0,0,0,0,0
uspto.gov,0,0,0,0,0,0,0,0,0,0,1,1,0,0,0,0,0
irs.gov,0,0,0,0,0,0,0,0,0,0,1,1,1,1,1,1,0
copyblogger.com,0,0,0,0,0,0,0,0,0,0,0,0,0,0,0,0,0
example.com,0,0,0,0,0,0,0,0,0,0,0,1,1,1,1,1,0
maps.google.co.jp,0,0,0,0,0,0,0,0,0,0,1,1,0,0,0,0,0
fonts.google.com,0,0,0,0,0,0,0,0,0,0,0,0,0,0,0,0,0
siteground.com,0,0,0,0,0,0,0,0,0,0,0,0,1,1,1,1,0
sony.net,0,0,0,0,0,0,0,0,0,0,0,0,1,0,0,0,0
ja.wikipedia.org,0,0,0,0,0,0,0,0,0,0,1,1,0,0,0,0,0
creativemarket.com,0,0,0,0,0,0,1,0,0,0,0,0,0,0,0,0,0
smithsonianmag.com,0,0,0,0,0,0,0,0,0,0,0,0,0,0,0,0,0
mobile.twitter.com,0,0,0,0,0,0,0,0,0,0,1,1,1,1,1,1,0
acm.org,0,0,0,0,0,0,0,0,0,0,0,0,0,0,0,0,0
accenture.com,0,0,0,0,0,0,0,0,0,0,0,1,0,0,0,0,0
git-scm.com,0,0,0,0,0,0,0,1,0,0,0,1,1,1,1,1,0
bbb.org,0,0,0,0,0,0,0,0,0,0,0,1,1,1,1,1,0
cdn.shopify.com,0,0,0,0,0,0,0,0,0,0,0,0,1,1,1,1,0
schema.org,0,0,0,0,0,0,0,0,0,0,0,0,0,0,0,0,0
psychologytoday.com,0,0,0,0,0,0,0,0,0,0,0,0,0,0,0,0,0
redcross.org,0,0,0,0,0,0,0,0,0,0,0,0,0,0,0,0,0
nodejs.org,0,0,0,0,0,0,0,0,0,0,0,1,0,0,0,0,0
europa.eu,0,0,0,0,0,0,0,0,0,0,1,1,0,0,0,0,0
ameblo.jp,0,0,0,0,0,0,0,0,0,0,1,1,1,0,0,0,0
gitlab.com,0,0,0,0,0,0,0,0,0,0,0,0,1,1,1,1,0
sciencemag.org,0,0,0,0,0,0,0,0,0,0,0,0,0,0,0,0,0
hollywoodreporter.com,0,0,0,0,0,0,0,0,0,0,0,1,1,0,0,0,0
freshbooks.com,0,0,0,0,0,0,0,0,0,0,0,0,1,0,0,0,0
heise.de,0,0,0,0,0,0,0,0,0,0,1,1,0,0,0,0,0
chicagotribune.com,0,0,0,0,0,0,0,0,0,0,1,1,1,0,0,0,0
epa.gov,0,0,0,0,0,0,0,0,0,0,0,0,1,0,0,0,0
anchor.fm,0,0,0,0,0,0,0,0,0,0,1,1,1,1,1,1,0
telegram.org,0,0,0,0,0,0,0,0,0,0,0,0,0,0,0,0,0
ikea.com,0,0,0,0,0,0,0,0,0,0,0,1,1,1,1,1,0
bloglovin.com,0,0,0,0,0,0,0,0,0,0,0,1,1,1,1,1,0
eventbrite.co.uk,0,0,0,0,0,0,0,0,0,0,0,0,0,0,0,0,0
googlewebmastercentral.blogspot.com,0,0,0,0,0,0,1,0,1,0,1,1,1,1,1,1,0
huffpost.com,0,0,0,0,0,0,1,0,0,0,0,0,0,0,0,0,0
weebly.com,0,0,0,0,0,0,0,0,0,0,0,0,0,0,0,0,0
producthunt.com,0,0,0,0,0,0,1,0,0,0,1,1,1,1,1,1,0
google.fr,0,0,0,0,0,0,0,0,0,0,1,1,1,1,1,1,0
click.linksynergy.com,0,0,0,0,0,0,0,0,0,0,1,1,1,1,1,1,0
vanityfair.com,0,0,0,0,0,0,0,0,0,0,0,0,1,0,0,0,0
diigo.com,0,0,0,0,0,0,0,0,0,0,0,0,1,1,1,1,0
about.fb.com,0,0,0,0,0,0,0,0,0,0,1,1,1,1,1,1,0
ouest-france.fr,0,0,0,0,0,0,0,1,0,0,1,1,1,1,1,1,0
namecheap.com,0,0,0,0,0,0,0,0,0,0,0,0,1,1,1,1,0
codecanyon.net,0,0,0,0,0,0,0,0,0,0,0,0,0,0,0,0,0
appstore.com,0,0,0,0,0,0,0,0,0,0,1,1,1,1,1,1,0
tools.ietf.org,0,0,0,0,0,0,0,0,0,0,0,0,1,1,1,1,0
rockpapershotgun.com,0,0,0,0,0,0,0,0,0,0,0,1,0,0,0,0,0
columbia.edu,0,0,0,0,0,0,0,0,0,0,1,1,1,1,1,1,0
constantcontact.com,0,0,0,0,0,0,1,0,0,0,0,0,0,0,0,0,0
webmd.com,0,0,0,0,0,0,0,0,0,0,1,1,1,1,1,1,0
eur-lex.europa.eu,0,0,0,0,0,0,0,1,0,0,1,1,1,0,0,0,0
aliexpress.com,0,0,0,0,0,0,0,0,0,0,0,0,0,0,0,0,0
business.facebook.com,0,0,0,0,0,0,0,0,0,0,0,0,0,0,0,0,0
material.io,0,0,0,0,0,0,0,0,0,0,0,0,1,1,1,1,0
neilpatel.com,0,0,0,0,0,0,0,0,0,0,0,0,0,0,0,0,0
discordapp.com,0,0,0,0,0,0,0,0,0,0,0,0,1,1,1,1,0
m.me,0,0,0,0,0,0,0,0,0,0,0,0,0,0,0,0,0
design.google,0,0,0,0,0,0,0,0,0,0,0,0,1,1,1,1,0
francetvinfo.fr,0,0,0,0,0,0,0,0,0,0,1,1,0,0,0,0,0
slashgear.com,0,0,0,0,0,0,0,0,0,0,0,0,0,0,0,0,0
4shared.com,0,0,0,0,0,0,0,0,0,0,0,0,0,0,0,0,0
python.org,0,0,0,0,0,0,0,0,0,0,0,0,0,0,0,0,0
amazon.com.au,0,0,0,0,0,0,0,0,0,0,1,1,0,0,0,0,0
storify.com,0,0,0,0,0,0,0,0,0,0,0,1,1,1,1,1,0
elegantthemes.com,0,0,0,0,0,0,0,0,0,0,1,1,1,1,1,1,0
europe1.fr,0,0,0,0,0,0,0,0,0,0,1,1,0,0,0,0,0
pwc.com,0,0,0,0,0,0,0,0,0,0,1,1,0,0,0,0,0
activecampaign.com,0,0,0,0,0,0,0,0,0,0,1,1,1,1,1,1,0
freepik.com,0,0,0,0,0,0,0,0,0,0,0,1,0,0,0,0,0
ravelry.com,0,0,0,0,0,0,0,0,0,0,0,0,1,1,1,1,0
apnews.com,0,0,0,0,0,0,0,0,0,0,0,1,1,0,0,0,0
propublica.org,0,0,0,0,0,0,0,0,0,0,0,0,0,0,0,0,0
smugmug.com,0,0,0,0,0,0,0,0,0,0,1,1,1,1,1,1,0
inc.com,0,0,0,0,0,0,0,0,0,0,0,0,0,0,0,0,0
google.it,0,0,0,0,0,0,0,0,0,0,0,1,0,0,0,0,0
zazzle.com,0,0,0,0,0,0,0,0,0,0,1,1,0,0,0,0,0
dol.gov,0,0,0,0,0,0,0,0,0,0,0,0,0,0,0,0,0
scoop.it,0,0,0,0,0,0,0,0,0,0,0,0,0,0,0,0,0
bit.do,0,0,0,0,0,0,1,0,0,0,0,0,1,1,1,1,0
yadi.sk,0,0,0,0,0,0,0,0,0,0,0,1,0,0,0,0,0
eclipse.org,0,0,0,0,0,0,0,0,0,0,0,0,1,1,1,1,0
economist.com,0,0,0,0,0,0,1,0,0,0,1,1,1,1,1,1,0
xing.com,0,0,0,0,0,0,0,0,0,0,0,0,0,0,0,0,0
hbo.com,0,0,0,0,0,0,0,0,0,0,0,1,0,0,0,0,0
nationalgeographic.com,0,0,0,0,0,0,0,0,0,0,0,0,1,0,0,0,0
jetbrains.com,0,0,0,0,0,0,0,0,0,0,1,1,1,0,0,0,0
iconfinder.com,0,0,0,0,0,0,0,0,0,0,0,0,1,1,1,1,0
cafepress.com,0,0,0,0,0,0,0,0,0,0,1,1,1,0,0,0,0
strava.com,0,0,0,0,0,0,0,0,0,0,1,1,0,0,0,0,0
es.wikipedia.org,0,0,0,0,0,0,0,0,0,0,1,1,0,0,0,0,0
kiva.org,0,0,0,0,0,0,0,0,0,0,0,1,0,0,0,0,0
doi.org,0,0,0,0,0,0,0,0,0,0,0,0,0,0,0,0,0
boredpanda.com,0,0,0,0,0,0,0,0,0,0,0,0,1,0,0,0,0
justgiving.com,0,0,0,0,0,0,0,0,0,0,1,1,0,0,0,0,0
pinterest.ca,0,0,0,0,0,0,0,0,0,0,1,1,0,0,0,0,0
stats.wp.com,0,0,0,0,0,0,0,0,0,0,0,0,0,0,0,0,0
zdnet.com,0,0,0,0,0,0,1,0,0,0,1,1,0,0,0,0,0
sproutsocial.com,0,0,0,0,0,0,0,0,0,0,1,1,0,0,0,0,0
rebrand.ly,0,0,0,0,0,0,0,0,0,0,1,1,0,0,0,0,0
ranker.com,0,0,0,0,0,0,0,0,0,0,1,1,1,0,0,0,0
a.co,0,0,0,0,0,0,0,0,0,0,1,1,0,0,0,0,0
waze.com,0,0,0,0,0,0,0,0,0,0,1,1,1,0,0,0,0
nydailynews.com,0,0,0,0,0,0,0,0,0,0,1,1,1,0,0,0,0
marketwatch.com,0,0,0,0,0,0,0,0,0,0,1,1,0,0,0,0,0
mailchimp.com,0,0,0,0,0,0,0,0,0,0,0,0,0,0,0,0,0
livescience.com,0,0,0,0,0,0,0,0,0,0,1,1,0,0,0,0,0
flaticon.com,0,0,0,0,0,0,0,0,0,0,0,1,0,0,0,0,0
ilpost.it,0,0,0,0,0,0,0,0,0,0,0,0,0,0,0,0,0
connect.facebook.net,0,0,0,0,0,0,0,0,0,0,1,1,0,0,0,0,0
4.bp.blogspot.com,0,0,0,0,0,0,1,0,0,0,1,1,0,0,0,0,0
maps.google.co.nz,0,0,0,0,0,0,0,0,0,0,1,1,0,0,0,0,0
s0.wp.com,0,0,0,0,0,0,0,0,0,0,0,0,1,1,1,1,0
amazon.com.br,0,0,0,0,0,0,0,0,0,0,0,1,0,0,0,0,0
ustream.tv,0,0,0,0,0,0,0,0,0,0,1,1,0,0,0,0,0
lulu.com,0,0,0,0,0,0,0,0,0,0,0,0,0,0,0,0,0
socialmediatoday.com,0,0,0,0,0,0,0,0,0,0,1,1,1,0,0,0,0
market.android.com,0,0,0,0,0,0,0,0,0,0,1,1,0,0,0,0,0
rollingstone.com,0,0,0,0,0,0,0,0,0,0,1,1,1,0,0,0,0
journals.sagepub.com,0,0,0,0,0,0,0,0,0,0,0,0,1,1,1,1,0
zillow.com,0,0,0,0,0,0,0,0,0,0,0,0,0,0,0,0,0
xinhuanet.com,0,0,0,0,0,0,1,0,0,0,0,0,1,1,1,1,0
affiliate-program.amazon.com,0,0,0,0,0,0,0,1,0,0,1,1,0,0,0,0,0
politico.com,0,0,0,0,0,0,0,0,0,0,1,1,0,0,0,0,0
pnas.org,0,0,0,0,0,0,0,0,0,0,1,1,0,0,0,0,0
laughingsquid.com,0,0,0,0,0,0,0,0,0,0,0,0,1,1,1,1,0
access.redhat.com,0,0,0,0,0,0,1,0,0,0,0,1,0,0,0,0,0
s.ytimg.com,0,0,0,0,0,0,0,0,0,0,0,0,0,0,0,0,0
it.linkedin.com,0,0,0,0,0,0,0,0,0,0,0,0,0,0,0,0,0
dashlane.com,0,0,0,0,0,0,0,0,0,0,0,0,0,0,0,0,0
copyright.gov,0,0,0,0,0,0,0,0,0,0,1,1,0,0,0,0,0
news.bbc.co.uk,0,0,0,0,0,0,0,0,0,0,1,1,0,0,0,0,0
mentalfloss.com,0,0,0,0,0,0,0,0,0,0,1,1,0,0,0,0,0
zeit.de,0,0,0,0,0,0,0,0,0,0,1,1,1,0,0,0,0
google.cz,0,0,0,0,0,0,0,0,0,0,1,1,0,0,0,0,0
artsandculture.google.com,0,0,0,0,0,0,0,0,0,0,1,1,1,1,1,1,0
startnext.com,0,0,0,0,0,0,1,0,0,0,1,1,1,1,1,1,0
launchpad.net,0,0,0,0,0,0,0,0,0,0,0,0,0,0,0,0,0
lemonde.fr,0,0,0,0,0,0,0,0,0,0,1,1,0,0,0,0,0
sciencedaily.com,0,0,0,0,0,0,0,0,0,0,0,0,0,0,0,0,0
edx.org,0,0,0,0,0,0,0,0,0,0,0,0,0,0,0,0,0
smashwords.com,0,0,0,0,0,0,0,0,0,0,1,1,0,0,0,0,0
philips.co.uk,0,0,0,0,0,0,0,0,0,0,1,1,1,1,1,1,0
smile.amazon.com,0,0,0,0,0,0,0,0,0,0,0,0,0,0,0,0,0
intel.com,0,0,0,0,0,0,0,0,0,0,0,0,1,1,1,1,0
livestream.com,0,0,0,0,0,0,0,0,0,0,0,0,1,0,0,0,0
brookings.edu,0,0,0,0,0,0,0,0,0,0,1,1,0,0,0,0,0
thehill.com,0,0,0,0,0,0,0,0,0,0,0,1,0,0,0,0,0
popsci.com,0,0,0,0,0,0,0,0,0,0,1,1,0,0,0,0,0
blog.us.playstation.com,0,0,0,0,0,0,0,0,0,0,0,0,0,0,0,0,0
fb.me,0,0,0,0,0,0,0,0,0,0,0,0,1,1,1,1,0
academic.oup.com,0,0,0,0,0,0,0,0,0,0,0,0,0,0,0,0,0
php.net,0,0,0,0,0,0,0,0,0,0,0,0,0,0,0,0,0
wetransfer.com,0,0,0,0,0,0,0,0,0,0,0,0,1,0,0,0,0
blog.livedoor.jp,0,0,0,0,0,0,0,0,0,0,1,1,1,1,1,1,0
amazon.in,0,0,0,0,0,0,0,0,0,0,0,0,1,1,1,1,0
families.google.com,0,0,0,0,0,0,0,0,0,0,0,0,1,1,1,1,0
obsproject.com,0,0,0,0,0,0,1,0,0,0,0,0,0,0,0,0,0
t.qq.com,0,0,0,0,0,0,0,0,0,0,0,0,1,1,1,1,0
android.com,0,0,0,0,0,0,0,0,0,0,0,1,1,1,1,1,0
blogs.windows.com,0,0,0,0,0,0,0,0,0,0,1,1,0,0,0,0,0
hostgator.com,0,0,0,0,0,0,0,0,0,0,0,0,1,1,1,1,0
google.gr,0,0,0,0,0,0,0,0,0,0,1,1,0,0,0,0,0
theverge.com,0,0,0,0,0,0,0,0,0,0,0,0,0,0,0,0,0
aub.edu.lb,0,0,0,0,0,0,0,0,0,0,1,1,0,0,0,0,0
digiday.com,0,0,0,0,0,0,0,0,0,0,0,0,0,0,0,0,0
gimp.org,0,0,0,0,0,0,0,0,0,0,1,1,0,0,0,0,0
treasury.gov,0,0,0,0,0,0,0,0,0,0,0,0,1,1,1,1,0
geocities.com,0,0,0,0,0,0,0,0,0,0,0,0,1,1,1,1,0
healthline.com,0,0,0,0,0,0,0,0,0,0,0,0,1,0,0,0,0
3.bp.blogspot.com,0,0,0,0,0,0,1,0,1,0,1,1,0,0,0,0,0
coinbase.com,0,0,0,0,0,0,0,0,0,0,0,1,0,0,0,0,0
gnu.org,0,0,0,0,0,0,0,0,0,0,1,1,0,0,0,0,0
abc.com,0,0,0,0,0,0,0,0,0,0,0,1,0,0,0,0,0
aljazeera.com,0,0,0,0,0,0,0,0,0,0,0,0,1,0,0,0,0
getresponse.com,0,0,0,0,0,0,0,0,0,0,0,0,0,0,0,0,0
dev.to,0,0,0,0,0,0,0,0,0,0,1,1,0,0,0,0,0
thesun.co.uk,0,0,0,0,0,0,0,0,0,0,1,1,0,0,0,0,0
lynda.com,0,0,0,0,0,0,0,0,0,0,0,0,0,0,0,0,0
sellfy.com,0,0,0,0,0,0,0,0,0,0,1,1,0,0,0,0,0
prnt.sc,0,0,0,0,0,0,0,0,0,0,1,1,0,0,0,0,0
help.ubuntu.com,0,0,0,0,0,0,0,0,0,0,0,1,0,0,0,0,0
whatsapp.com,0,0,0,0,0,0,0,0,0,0,0,0,0,0,0,0,0
www8.hp.com,0,0,0,0,0,0,0,0,0,0,1,1,0,0,0,0,0
notion.so,0,0,0,0,0,0,0,0,0,0,0,0,0,0,0,0,0
vmware.com,0,0,0,0,0,0,0,0,0,0,0,0,1,1,1,1,0
kraken.com,0,0,0,0,0,0,0,0,0,0,1,1,0,0,0,0,0
vine.co,0,0,0,0,0,0,0,0,0,0,1,1,1,1,1,1,0
marthastewart.com,0,0,0,0,0,0,1,0,0,0,0,1,1,1,1,1,0
discord.me,0,0,0,0,0,0,0,0,0,0,1,1,0,0,0,0,0
dailycaller.com,0,0,0,0,0,0,0,0,0,0,1,1,0,0,0,0,0
mega.nz,0,0,0,0,0,0,0,0,0,0,1,1,1,0,0,0,0
media.giphy.com,0,0,0,0,0,0,0,0,0,0,0,0,0,0,0,0,0
flavors.me,0,0,0,0,0,0,0,0,0,0,0,1,1,1,1,1,0
blip.tv,0,0,0,0,0,0,0,0,0,0,1,1,0,0,0,0,0
prntscr.com,0,0,0,0,0,0,0,0,0,0,0,0,0,0,0,0,0
journals.plos.org,0,0,0,0,0,0,0,0,0,0,0,0,0,0,0,0,0
gravatar.com,0,0,0,0,0,0,0,0,0,0,0,0,0,0,0,0,0
discogs.com,0,0,0,0,0,0,0,0,0,0,0,1,0,0,0,0,0
europarl.europa.eu,0,0,0,0,0,0,0,0,0,0,1,1,0,0,0,0,0
redhat.com,0,0,0,0,0,0,1,0,0,0,0,1,0,0,0,0,0
bugs.chromium.org,0,0,0,0,0,0,0,0,0,0,0,1,1,1,1,1,0
vanmiubeauty.com,0,0,0,0,0,0,0,0,0,0,0,1,0,0,0,0,0
metro.co.uk,0,0,0,0,0,0,0,0,0,0,0,0,0,0,0,0,0
google.ie,0,0,0,0,0,0,0,0,0,0,0,0,0,0,0,0,0
relapse.com,0,0,0,0,0,0,0,0,0,0,0,0,0,0,0,0,0
earth.google.com,0,0,0,0,0,0,0,0,0,0,0,0,0,0,0,0,0
bandcamp.com,0,0,0,0,0,0,0,0,0,0,0,0,0,0,0,0,0
br.linkedin.com,0,0,0,0,0,0,0,0,0,0,0,0,0,0,0,0,0
gopro.com,0,0,0,0,0,0,0,0,0,0,0,0,0,0,0,0,0
t.ly,0,0,0,0,0,0,0,0,0,0,0,0,0,0,0,0,0
get.adobe.com,0,0,0,0,0,0,0,0,0,0,0,1,1,1,1,1,0
news.mit.edu,0,0,0,0,0,0,0,0,0,0,1,1,0,0,0,0,0
billboard.com,0,0,0,0,0,0,0,0,0,0,0,0,1,0,0,0,0
britannica.com,0,0,0,0,0,0,0,0,0,0,0,1,1,0,0,0,0
onlinelibrary.wiley.com,0,0,0,0,0,0,0,0,0,0,0,0,0,0,0,0,0
techsmith.com,0,0,0,0,0,0,0,0,0,0,0,0,0,0,0,0,0
sfgate.com,0,0,0,0,0,0,0,0,0,0,0,0,0,0,0,0,0
redbubble.com,0,0,0,0,0,0,0,0,0,0,0,1,0,0,0,0,0
kstatic.googleusercontent.com,0,0,0,0,0,0,1,0,0,0,0,0,1,1,1,1,0
repubblica.it,0,0,0,0,0,0,0,0,0,0,0,0,0,0,0,0,0
disqus.com,0,0,0,0,0,0,0,0,0,0,0,0,1,0,0,0,0
khanacademy.org,0,0,0,0,0,0,0,0,0,0,0,0,0,0,0,0,0
skfb.ly,0,0,0,0,0,0,0,0,0,0,0,0,0,0,0,1,0
androidauthority.com,0,0,0,0,0,0,0,0,0,0,1,1,0,0,0,0,0
accessify.com,0,0,0,0,0,0,0,0,0,0,0,0,0,0,0,0,0
tensorflow.org,0,0,0,0,0,0,0,0,0,0,0,1,1,0,0,0,0
chrisjdavis.org,0,0,0,0,0,0,0,0,0,0,0,1,0,0,0,0,0
box.net,0,0,0,0,0,0,0,0,0,0,0,0,1,0,0,0,0
poetryfoundation.org,0,0,0,0,0,0,0,0,0,0,0,0,0,0,0,0,0
law.cornell.edu,0,0,0,0,0,0,0,0,0,0,1,1,1,0,0,0,0
penguinrandomhouse.com,0,0,0,0,0,0,0,0,0,0,0,0,1,0,0,0,0
refinery29.com,0,0,0,0,0,0,0,0,0,0,0,0,0,0,0,0,0
starwars.com,0,0,0,0,0,0,0,0,0,0,0,1,0,0,0,0,0
fr.linkedin.com,0,0,0,0,0,0,0,0,0,0,0,0,0,0,0,0,0
video.google.com,0,0,0,0,0,0,0,0,0,0,0,0,1,1,1,1,0
prnewswire.com,0,0,0,0,0,0,0,0,0,0,0,1,0,0,0,0,0
springer.com,0,0,0,0,0,0,0,0,0,0,0,1,0,0,0,0,0
zalo.me,0,0,0,0,0,0,0,0,0,0,0,0,0,0,0,0,0
reverbnation.com,0,0,0,0,0,0,0,0,0,0,0,1,0,0,0,0,0
getpocket.com,0,0,0,0,0,0,1,0,0,0,0,0,1,0,0,0,0
webdesign.about.com,0,0,0,0,0,0,1,0,0,0,0,0,1,1,1,1,0
goo.gle,0,0,0,0,0,0,1,0,0,0,1,1,0,0,0,0,0
note.mu,0,0,0,0,0,0,0,0,0,0,1,1,0,0,0,0,0
thetimes.co.uk,0,0,0,0,0,0,0,0,0,0,0,1,0,0,0,0,0
fao.org,0,0,0,0,0,0,0,0,0,0,1,1,1,1,1,1,0
bol.com,0,0,0,0,0,0,0,0,0,0,0,0,1,1,1,1,0
yoursite.com,0,0,0,0,0,0,0,0,0,0,0,0,0,0,0,0,0
sophos.com,0,0,0,0,0,0,0,0,0,0,0,0,0,0,0,0,0
automattic.com,0,0,0,0,0,0,0,0,0,0,0,0,0,0,0,0,0
podbean.com,0,0,0,0,0,0,0,0,0,0,0,0,0,0,0,0,0
sublimetext.com,0,0,0,0,0,0,1,0,0,0,0,0,0,0,0,0,0
archives.gov,0,0,0,0,0,0,0,0,0,0,0,0,0,0,0,0,0
vizio.com,0,0,0,0,0,0,0,0,0,0,0,1,0,0,0,0,0
thelancet.com,0,0,0,0,0,0,1,0,0,0,0,0,1,1,1,1,0
guardian.co.uk,0,0,0,0,0,0,0,0,0,0,1,1,0,0,0,0,0
news.nationalgeographic.com,0,0,0,0,0,0,0,0,0,0,0,0,1,0,0,0,0
tunein.com,0,0,0,0,0,0,0,0,0,0,0,0,1,0,0,0,0
stitcher.com,0,0,0,0,0,0,0,0,0,0,0,0,1,1,1,1,0
coinmarketcap.com,0,0,0,0,0,0,0,0,0,0,0,0,0,0,0,0,0
amnestyusa.org,0,0,0,0,0,0,0,0,0,0,0,0,1,0,0,0,0
docs.wixstatic.com,0,0,0,0,0,0,0,0,0,0,1,1,0,0,0,0,0
cambridge.org,0,0,0,0,0,0,0,0,0,0,1,1,0,0,0,0,0
validator.w3.org,0,0,0,0,0,0,0,0,0,0,0,0,0,0,0,0,0
asus.com,0,0,0,0,0,0,0,0,0,0,0,0,1,1,1,1,0
problogger.net,0,0,0,0,0,0,0,0,0,0,1,1,0,0,0,0,0
worldbank.org,0,0,0,0,0,0,0,0,0,0,1,1,0,0,0,0,0
ticketportal.cz,0,0,0,0,0,0,0,0,0,0,0,1,1,0,0,0,0
dw.com,0,0,0,0,0,0,0,0,0,0,0,0,1,1,1,1,0
static.googleusercontent.com,0,0,0,0,0,0,1,0,0,0,0,0,0,0,0,0,0
www-01.ibm.com,0,0,0,0,0,0,0,1,0,0,0,0,1,1,1,1,0
business.google.com,0,0,0,0,0,0,0,0,0,0,0,0,0,0,0,0,0
es.linkedin.com,0,0,0,0,0,0,0,0,0,0,0,0,0,0,0,0,0
songkick.com,0,0,0,0,0,0,0,0,0,0,0,0,0,0,0,0,0
adweek.com,0,0,0,0,0,0,0,0,0,0,0,1,1,0,0,0,0
lifehack.org,0,0,0,0,0,0,0,0,0,0,1,1,0,0,0,0,0
apple.co,0,0,0,0,0,0,0,0,0,0,1,1,0,0,0,0,0
sutterhealth.org,0,0,0,0,0,0,0,0,0,0,0,0,0,0,0,0,0
globalnews.ca,0,0,0,0,0,0,0,0,0,0,1,1,0,0,0,0,0
breitbart.com,0,0,0,0,0,0,1,0,0,0,0,0,0,0,0,0,0
thumbtack.com,0,0,0,0,0,0,0,0,0,0,1,1,0,0,0,0,0
eff.org,0,0,0,0,0,0,0,0,0,0,0,0,0,0,0,0,0
snopes.com,0,0,0,0,0,0,0,0,0,0,0,0,0,0,0,0,0
crowdrise.com,0,0,0,0,0,0,0,0,0,0,1,1,0,0,0,0,0
hkrsa.asia,0,0,0,0,0,0,0,0,0,0,1,1,1,0,0,0,0
metmuseum.org,0,0,0,0,0,0,0,0,0,0,0,0,1,1,1,1,0
pixlr.com,0,0,0,0,0,0,0,0,0,0,0,1,0,0,0,0,0
institutvajrayogini.fr,0,0,0,0,0,0,0,0,0,0,1,1,0,0,0,0,0
rhtlbn.mosgorcredit.ru,0,0,0,0,0,0,0,0,0,0,1,1,1,1,1,1,0
itchyfeetonthecheap.com,0,0,0,0,0,0,0,0,0,0,0,0,1,1,1,1,0
reacts.ru,0,0,0,0,0,0,0,0,0,0,0,0,1,1,1,1,0
db.tt,0,0,0,0,0,0,1,0,0,0,1,1,0,0,0,0,0
udacity.com,0,0,0,0,0,0,0,0,0,0,0,0,0,0,0,0,0
we.tl,0,0,0,0,0,0,0,0,0,0,1,1,1,0,0,0,0
blogtalkradio.com,0,0,0,0,0,0,0,0,0,0,0,1,0,0,0,0,0
audacityteam.org,0,0,0,0,0,0,0,0,0,0,0,0,0,0,0,0,0
youcaring.com,0,0,0,0,0,0,0,0,0,0,1,1,0,0,0,0,0
hp.com,0,0,0,0,0,0,0,0,0,0,0,0,1,0,0,1,0
0.gravatar.com,0,0,0,0,0,0,0,0,0,0,0,0,0,0,0,0,0
health.harvard.edu,0,0,0,0,0,0,0,0,0,0,1,1,1,1,1,1,0
meta.wikimedia.org,0,0,0,0,0,0,0,0,0,0,0,0,0,0,0,0,0
google.ch,0,0,0,0,0,0,0,0,0,0,1,1,0,0,0,0,0
nhs.uk,0,0,0,0,0,0,0,0,0,0,1,1,0,0,0,0,0
mixi.jp,0,0,0,0,0,0,0,0,0,0,1,1,0,0,0,0,0
symfony.com,0,0,0,0,0,0,0,0,0,0,0,0,0,0,0,0,0
business.linkedin.com,0,0,0,0,0,0,0,0,0,0,0,0,1,0,0,0,0
mtv.com,0,0,0,0,0,0,0,0,0,0,0,0,0,0,0,0,0
1.gravatar.com,0,0,0,0,0,0,0,0,0,0,0,0,0,0,0,0,0
cyber.law.harvard.edu,0,0,0,0,0,0,0,0,0,0,1,1,0,0,0,0,0
bitcointalk.org,0,0,0,0,0,0,0,0,0,0,0,0,0,0,0,0,0
esa.int,0,0,0,0,0,0,0,0,0,0,1,1,0,0,0,0,0
slate.com,0,0,0,0,0,0,0,0,0,0,0,0,0,0,0,0,0
oecd.org,0,0,0,0,0,0,0,0,0,0,0,0,1,1,1,1,0
raspberrypi.org,0,0,0,0,0,0,0,0,0,0,0,0,0,0,0,0,0
sfexaminer.com,0,0,0,0,0,0,0,0,0,0,0,1,1,0,0,0,0
warriorforum.com,0,0,0,0,0,0,0,0,0,0,1,1,0,0,0,0,0
g.page,0,0,0,0,0,0,0,0,0,0,1,1,0,0,0,1,0
bhphotovideo.com,0,0,0,0,0,0,0,0,0,0,1,1,0,0,0,0,0
axios.com,0,0,0,0,0,0,0,0,0,0,1,1,0,0,0,0,0
pinterest.co.uk,0,0,0,0,0,0,1,0,0,0,0,0,0,0,0,0,0
unesco.org,0,0,0,0,0,0,0,0,0,0,1,1,1,1,1,1,0
msn.com,0,0,0,0,0,0,0,0,0,0,0,1,1,1,1,1,0
code.visualstudio.com,0,0,0,0,0,0,0,0,0,0,1,1,0,0,0,0,0
netbeans.org,0,0,0,0,0,0,0,0,0,0,0,0,0,0,0,0,0
blockchain.info,0,0,0,0,0,0,0,0,0,0,0,0,0,0,0,0,0
untappd.com,0,0,0,0,0,0,0,0,0,0,0,1,0,0,0,0,0
espn.com,0,0,0,0,0,0,0,0,0,0,0,0,0,0,0,0,0
cbs.com,0,0,0,0,0,0,0,0,0,0,0,0,1,1,1,1,0
michigan.gov,0,0,0,0,0,0,0,0,0,0,0,0,0,0,0,0,0
oprah.com,0,0,0,0,0,0,0,0,0,0,0,0,1,1,1,1,0
ok.ru,0,0,0,0,0,0,0,0,0,0,0,0,1,1,1,1,0
mhlw.go.jp,0,0,0,0,0,0,0,0,0,0,1,1,1,1,1,1,0
newegg.com,0,0,0,0,0,0,0,0,0,0,0,0,1,1,1,1,0
2.bp.blogspot.com,0,0,0,0,0,0,1,0,1,0,1,1,0,0,0,0,0
pipes.yahoo.com,0,0,0,0,0,0,0,0,0,0,0,0,1,1,1,1,0
themarthablog.com,0,0,0,0,0,0,0,0,0,0,0,0,0,0,0,0,0
yummly.com,0,0,0,0,0,0,0,0,0,0,0,0,0,0,0,0,0
bitpay.com,0,0,0,0,0,0,0,0,0,0,0,0,0,0,0,0,0
buymeacoffee.com,0,0,0,0,0,0,0,0,0,0,0,0,1,0,0,0,0
deepl.com,0,0,0,0,0,0,0,0,0,0,0,0,0,0,0,0,0
blogs.scientificamerican.com,0,0,0,0,0,0,0,0,0,0,0,1,0,0,0,0,0
audible.com,0,0,0,0,0,0,0,0,0,0,0,0,0,0,0,0,0
bitbucket.org,0,0,0,0,0,0,0,0,0,0,0,0,1,1,1,1,0
it.wikipedia.org,0,0,0,0,0,0,0,0,0,0,0,0,0,0,0,0,0
in.linkedin.com,0,0,0,0,0,0,0,0,0,0,0,0,1,0,0,0,0
cse.google.com,0,0,0,0,0,0,0,0,0,0,0,0,1,1,1,1,0
use.typekit.net,0,0,0,0,0,0,0,0,0,0,0,1,0,0,0,0,0
ru.wikipedia.org,0,0,0,0,0,0,0,0,0,0,0,0,0,0,0,0,0
faz.net,0,0,0,0,0,0,0,0,0,0,0,1,0,0,0,0,0
adf.ly,0,0,0,0,0,0,1,0,0,0,0,0,0,0,0,0,0
cancerresearchuk.org,0,0,0,0,0,0,0,0,0,0,0,1,0,0,0,0,0
moma.org,0,0,0,0,0,0,0,0,0,0,1,1,1,1,1,1,0
bigthink.com,0,0,0,0,0,0,0,0,0,0,1,1,1,0,0,0,0
bandsintown.com,0,0,0,0,0,0,0,0,0,0,1,1,0,0,0,0,0
addthis.com,0,0,0,0,0,0,0,0,0,0,0,0,1,1,1,1,0
support.office.com,0,0,0,0,0,0,0,0,0,0,0,0,1,0,0,0,0
upi.com,0,0,0,0,0,0,0,0,0,0,0,0,1,1,1,1,0
zen.yandex.ru,0,0,0,0,0,0,0,0,0,0,0,0,0,0,0,0,0
collegehumor.com,0,0,0,0,0,0,0,0,0,0,0,0,1,1,1,1,0
lefigaro.fr,0,0,0,0,0,0,0,0,0,0,1,1,1,1,1,1,0
gplus.to,0,0,0,0,0,0,0,0,0,0,1,1,0,0,0,0,0
themify.me,0,0,0,0,0,0,0,0,0,0,0,0,0,0,0,0,0
rtve.es,0,0,0,0,0,0,0,0,0,0,1,1,0,0,0,0,0
nba.com,0,0,0,0,0,0,0,0,0,0,0,0,1,1,1,1,0
myfitnesspal.com,0,0,0,0,0,0,0,0,0,0,0,0,1,1,1,1,0
chris.pirillo.com,0,0,0,0,0,0,0,0,0,0,0,0,0,0,0,0,0
eonline.com,0,0,0,0,0,0,0,0,0,0,0,0,0,0,0,0,0
science.sciencemag.org,0,0,0,0,0,0,0,0,0,0,0,0,0,0,0,0,0
ietf.org,0,0,0,0,0,0,0,0,0,0,0,0,0,0,0,0,0
ko-fi.com,0,0,0,0,0,0,0,1,0,0,0,0,0,0,0,0,0
otto.de,0,0,0,0,0,0,0,0,0,0,1,1,0,0,0,0,0
tkqlhce.com,0,0,0,0,0,0,0,0,0,0,0,0,1,1,1,1,0
unity3d.com,0,0,0,0,0,0,0,0,0,0,0,0,0,0,0,0,0
blog.naver.com,0,0,0,0,0,0,0,0,0,0,0,0,0,0,0,1,0
scratch.mit.edu,0,0,0,0,0,0,0,0,0,0,1,1,1,0,0,0,0
freewebs.com,0,0,0,0,0,0,0,0,0,0,0,1,0,0,0,0,0
drift.com,0,0,0,0,0,0,1,0,0,0,0,1,1,1,1,1,0
postmates.com,0,0,0,0,0,0,0,0,0,0,0,0,0,0,0,0,0
geek.com,0,0,0,0,0,0,0,0,0,0,0,0,0,0,0,0,0
geocities.jp,0,0,0,0,0,0,0,0,0,0,1,1,1,1,1,1,0
beian.gov.cn,0,0,0,0,0,0,0,0,0,0,0,0,1,1,1,1,0
meet.google.com,0,0,0,0,0,0,0,0,0,0,0,0,0,0,0,0,0
flattr.com,0,0,0,0,0,0,0,0,0,0,0,1,0,0,0,0,0
webroot.com,0,0,0,0,0,0,1,0,0,0,0,1,1,0,0,0,0
thoughtcatalog.com,0,0,0,0,0,0,0,0,0,0,0,0,0,0,0,0,0
google.pl,0,0,0,0,0,0,0,0,0,0,1,1,1,1,1,1,0
seroundtable.com,0,0,0,0,0,0,0,0,0,0,0,0,0,0,0,0,0
checkpoint.com,0,0,0,0,0,0,1,0,0,0,0,0,1,0,0,0,0
form.jotform.com,0,0,0,0,0,0,0,0,0,0,0,0,0,0,0,0,0
xbox.com,0,0,0,0,0,0,1,0,0,0,0,0,1,0,0,1,0
infusionsoft.com,0,0,0,0,0,0,1,0,0,0,0,0,1,1,1,1,0
g1.globo.com,0,0,0,0,0,0,0,0,0,0,1,1,1,1,1,1,0
capterra.com,0,0,0,0,0,0,0,0,0,0,0,0,0,0,0,0,0
ea.com,0,0,0,0,0,0,0,0,0,0,0,0,1,0,0,0,0
hawaii.edu,0,0,0,0,0,0,0,0,0,0,1,1,0,0,0,0,0
stock.adobe.com,0,0,0,0,0,0,0,0,0,0,0,1,0,0,0,0,0
osha.gov,0,0,0,0,0,0,0,0,0,0,0,0,0,0,0,0,0
buzzfeednews.com,0,0,0,0,0,0,0,0,0,0,0,1,0,0,0,0,0
jstor.org,0,0,0,0,0,0,0,0,0,0,0,0,0,0,0,0,0
adssettings.google.com,0,0,0,0,0,0,0,0,0,0,0,0,0,0,0,1,0
iheart.com,0,0,0,0,0,0,1,0,0,0,0,0,0,0,0,0,0
en-gb.facebook.com,0,0,0,0,0,0,0,1,0,0,0,0,0,0,0,0,0
foodnetwork.com,0,0,0,0,0,0,0,0,0,0,0,0,0,0,0,0,0
eventim.de,0,0,0,0,0,0,0,0,0,0,1,1,1,1,1,1,0
economictimes.indiatimes.com,0,0,0,0,0,0,0,0,0,0,0,0,1,0,0,0,0
presseportal.de,0,0,0,0,0,0,0,0,0,0,1,1,1,1,1,1,0
google.se,0,0,0,0,0,0,0,0,0,0,1,1,1,1,1,1,0
skillshare.com,0,0,0,0,0,0,0,0,0,0,0,0,0,0,0,0,0
puu.sh,0,0,0,0,0,0,0,0,0,0,0,0,0,0,0,0,0
examiner.com,0,0,0,0,0,0,0,0,0,0,0,0,0,0,0,0,0
stripe.com,0,0,0,0,0,0,0,0,0,0,0,0,0,0,0,0,0
firstdata.com,0,0,0,0,0,0,0,0,0,0,0,1,0,0,0,1,0
en.advertisercommunity.com,0,0,0,0,0,0,0,0,0,0,0,0,1,1,1,1,0
download.microsoft.com,0,0,0,0,0,0,1,0,0,0,0,0,0,0,0,0,0
s-media-cache-ak0.pinimg.com,0,0,0,0,0,0,0,1,0,0,0,0,1,1,1,1,0
ctt.ec,0,0,0,0,0,0,0,0,0,0,1,1,1,1,1,1,0
cia.gov,0,0,0,0,0,0,0,0,0,0,0,0,0,0,0,0,0
docker.com,0,0,0,0,0,0,0,0,0,0,0,0,0,0,0,0,0
homedepot.com,0,0,0,0,0,0,1,0,0,0,0,1,1,1,1,1,0
humblebundle.com,0,0,0,0,0,0,0,0,0,0,0,0,0,0,0,0,0
chiark.greenend.org.uk,0,0,0,0,0,0,0,0,0,0,0,0,0,0,0,0,0
pandora.com,0,0,0,0,0,0,0,0,0,0,0,0,1,1,1,1,0
google.co.za,0,0,0,0,0,0,0,0,0,0,0,1,0,0,0,0,0
payhip.com,0,0,0,0,0,0,0,0,0,0,0,0,0,0,0,0,0
thingiverse.com,0,0,0,0,0,0,0,0,0,0,0,0,1,1,1,1,0
inkscape.org,0,0,0,0,0,0,0,0,0,0,0,0,0,0,0,0,0
adobe.ly,0,0,0,0,0,0,0,0,0,0,0,0,0,0,0,0,0
css-tricks.com,0,0,0,0,0,0,0,1,0,0,0,0,0,0,0,0,0
ja-jp.facebook.com,0,0,0,0,0,0,0,1,0,0,1,1,0,0,0,0,0
jamanetwork.com,0,0,0,0,0,0,0,0,0,0,0,1,1,1,1,1,0
maps.gstatic.com,0,0,0,0,0,0,0,0,0,0,0,0,1,1,1,1,0
wattpad.com,0,0,0,0,0,0,0,0,0,0,0,1,0,0,0,0,0
chase.com,0,0,0,0,0,0,0,0,0,0,0,0,0,0,0,0,0
cisco.com,0,0,0,0,0,0,0,0,0,0,0,1,1,1,1,1,0
bmj.com,0,0,0,0,0,0,0,0,0,0,1,1,1,0,0,0,0
louvre.fr,0,0,0,0,0,0,0,0,0,0,1,1,0,0,0,0,0
aclu.org,0,0,0,0,0,0,0,0,0,0,0,1,0,0,0,0,0
squarespace.com,0,0,0,0,0,0,0,0,0,0,0,0,0,0,0,0,0
gum.co,0,0,0,0,0,0,0,0,0,0,1,1,1,1,1,1,0
idealo.de,0,0,0,0,0,0,0,0,0,0,1,1,1,0,0,0,0
imore.com,0,0,0,0,0,0,0,0,0,0,0,1,0,0,0,0,0
rakuten.com,0,0,0,0,0,0,0,0,0,0,1,1,1,1,1,1,0
fbi.gov,0,0,0,0,0,0,0,0,0,0,1,1,0,0,0,0,0
united.com,0,0,0,0,0,0,0,0,0,0,1,1,1,1,1,1,0
google.pt,0,0,0,0,0,0,0,0,0,0,1,1,1,1,1,1,0
event.on24.com,0,0,0,0,0,0,0,0,0,0,1,1,0,0,0,0,0
nejm.org,0,0,0,0,0,0,0,0,0,0,1,1,0,0,0,0,0
colorado.edu,0,0,0,0,0,0,0,0,0,0,1,1,1,0,0,0,0
franchising.com,0,0,0,0,0,0,0,0,0,0,0,0,0,0,0,0,0
logitech.com,0,0,0,0,0,0,0,0,0,0,1,1,0,0,0,0,0
redbull.com,0,0,0,0,0,0,0,0,0,0,0,0,0,0,0,0,0
tf1.fr,0,0,0,0,0,0,0,0,0,0,1,1,1,1,1,1,0
keep.google.com,0,0,0,0,0,0,0,0,0,0,0,0,0,0,0,1,0
hostinger.com,0,0,0,0,0,0,0,0,0,0,0,0,1,1,1,1,0
nbc.com,0,0,0,0,0,0,0,0,0,0,0,0,0,0,0,0,0
stats.g.doubleclick.net,0,0,0,0,0,0,0,0,0,0,0,0,0,0,0,0,0
ign.com,0,0,0,0,0,0,0,0,0,0,1,1,0,0,0,0,0
blog.hubspot.com,0,0,0,0,0,0,1,0,0,0,1,1,0,0,0,0,0
1.envato.market,0,0,0,0,0,0,0,0,0,0,0,0,1,1,1,1,0
accessdata.fda.gov,0,0,0,0,0,0,0,0,0,0,0,0,1,1,1,1,0
google.be,0,0,0,0,0,0,0,0,0,0,1,1,0,0,0,0,0
help.apple.com,0,0,0,0,0,0,0,0,0,0,0,0,1,1,1,1,0
technorati.com,0,0,0,0,0,0,0,0,0,0,0,0,0,0,0,0,0
pond5.com,0,0,0,0,0,0,0,0,0,0,1,1,0,0,0,0,0
ucl.ac.uk,0,0,0,0,0,0,0,0,0,0,1,1,1,1,1,1,0
a2hosting.com,0,0,0,0,0,0,0,0,0,0,0,0,1,0,0,0,0
amzn.asia,0,0,0,0,0,0,0,0,0,0,0,0,0,0,0,0,0
nicovideo.jp,0,0,0,0,0,0,0,0,0,0,1,1,1,0,0,0,0
indiewire.com,0,0,0,0,0,0,0,0,0,0,0,0,1,0,0,0,0
mp.weixin.qq.com,0,0,0,0,0,0,0,0,0,0,0,0,1,1,1,1,0
codeproject.com,0,0,0,0,0,0,1,0,0,0,1,1,0,0,0,0,0
1.usa.gov,0,0,0,0,0,0,0,0,0,0,0,0,0,0,0,0,0
gleam.io,0,0,0,0,0,0,0,0,0,0,0,0,1,1,1,1,0
space.com,0,0,0,0,0,0,0,0,0,0,0,0,0,0,0,0,0
gitter.im,0,0,0,0,0,0,0,0,0,0,1,1,0,0,0,0,0
lh5.ggpht.com,0,0,0,0,0,0,1,0,0,0,0,0,1,1,1,1,0
leparisien.fr,0,0,0,0,0,0,0,0,0,0,1,1,1,0,0,0,0
kotaku.com,0,0,0,0,0,0,0,0,0,0,0,0,0,0,0,0,0
img.youtube.com,0,0,0,0,0,0,0,0,0,0,0,0,0,0,0,0,0
huffingtonpost.co.uk,0,0,0,0,0,0,1,0,0,0,0,0,0,0,0,0,0
agoda.com,0,0,0,0,0,0,0,0,0,0,0,0,0,0,0,0,0
flow.microsoft.com,0,0,0,0,0,0,1,0,0,0,1,1,0,0,0,0,0
chronicle.com,0,0,0,0,0,0,0,0,0,0,0,0,1,1,1,1,0
createspace.com,0,0,0,0,0,0,0,0,0,0,1,1,1,1,1,1,0
lh3.ggpht.com,0,0,0,0,0,0,1,0,0,0,0,0,1,1,1,1,0
verizon.com,0,0,0,0,0,0,0,0,0,0,0,0,1,1,1,1,0
teespring.com,0,0,0,0,0,0,0,0,0,0,1,1,1,0,0,0,0
data.worldbank.org,0,0,0,0,0,0,0,0,0,0,0,0,0,0,0,0,0
blog.goo.ne.jp,0,0,0,0,0,0,0,0,0,0,1,1,1,0,0,0,0
kobo.com,0,0,0,0,0,0,0,0,0,0,0,0,0,0,0,0,0
globalsign.com,0,0,0,0,0,0,0,0,0,0,1,1,0,0,0,1,0
money.yandex.ru,0,0,0,0,0,0,0,0,0,0,0,0,1,1,1,1,0
animoto.com,0,0,0,0,0,0,0,0,0,0,0,0,1,0,0,0,0
google.co.nz,0,0,0,0,0,0,0,0,0,0,1,1,0,0,0,0,0
privacy.microsoft.com,0,0,0,0,0,0,1,0,0,0,1,1,0,0,0,0,0
online.wsj.com,0,0,0,0,0,0,0,0,0,0,0,1,0,0,0,0,0
patft.uspto.gov,0,0,0,0,0,0,0,0,0,0,0,0,1,1,1,1,0
rottentomatoes.com,0,0,0,0,0,0,0,0,0,0,1,1,0,0,0,0,0
cell.com,0,0,0,0,0,0,0,0,0,0,1,1,0,0,0,0,0
de.linkedin.com,0,0,0,0,0,0,0,0,0,0,0,0,1,0,0,0,0
health.com,0,0,0,0,0,0,0,0,0,0,1,1,1,1,1,1,0
geni.us,0,0,0,0,0,0,0,0,0,0,1,1,0,0,0,0,0
news.harvard.edu,0,0,0,0,0,0,0,0,0,0,1,1,0,0,0,0,0
lesechos.fr,0,0,0,0,0,0,0,0,0,0,1,1,0,0,0,0,0
fas.org,0,0,0,0,0,0,0,0,0,0,1,1,0,0,0,0,0
smashingmagazine.com,0,0,0,0,0,0,0,0,0,0,1,1,0,0,0,0,0
7-zip.org,0,0,0,0,0,0,0,1,0,0,1,1,0,0,0,0,0
realvnc.com,0,0,0,0,0,0,0,0,0,0,1,1,1,1,1,1,0
news.discovery.com,0,0,0,0,0,0,0,0,0,0,0,1,1,1,1,1,0
mlb.com,0,0,0,0,0,0,0,0,0,0,0,0,0,0,0,0,0
autodesk.com,0,0,0,0,0,0,0,0,0,0,1,1,0,0,0,0,0
popularmechanics.com,0,0,0,0,0,0,0,0,0,0,1,1,0,0,0,0,0
forms.office.com,0,0,0,0,0,0,0,0,0,0,1,1,1,1,1,1,0
rdio.com,0,0,0,0,0,0,0,0,0,0,1,1,1,1,1,1,0
sendspace.com,0,0,0,0,0,0,0,0,0,0,1,1,1,0,0,0,0
synology.com,0,0,0,0,0,0,0,0,0,0,1,1,0,0,0,0,0
angelfire.com,0,0,0,0,0,0,0,0,0,0,1,1,0,0,0,0,0
france24.com,0,0,0,0,0,0,0,0,0,0,1,1,0,0,0,0,0
us.battle.net,0,0,0,0,0,0,0,0,0,0,1,1,0,0,0,1,0
stjude.org,0,0,0,0,0,0,0,0,0,0,1,1,0,0,0,0,0
denverpost.com,0,0,0,0,0,0,1,0,0,0,1,1,1,0,0,0,0
japantimes.co.jp,0,0,0,0,0,0,0,0,0,0,1,1,1,0,0,0,0
stocktwits.com,0,0,0,0,0,0,0,0,0,0,1,1,0,0,0,0,0
blogs.adobe.com,0,0,0,0,0,0,0,0,0,0,1,1,1,1,1,1,0
envato.com,0,0,0,0,0,0,0,0,0,0,1,1,0,0,0,0,0
airtable.com,0,0,0,0,0,0,0,0,0,0,1,1,1,0,0,0,0
ticketmaster.com,0,0,0,0,0,0,0,0,0,0,0,0,0,0,0,0,0
ocw.mit.edu,0,0,0,0,0,0,0,0,0,0,1,1,0,0,0,0,0
whc.unesco.org,0,0,0,0,0,0,0,0,0,0,0,0,1,1,1,1,0
neh.gov,0,0,0,0,0,0,0,0,0,0,0,0,0,0,0,0,0
purl.org,0,0,0,0,0,0,0,0,0,0,1,1,0,0,0,0,0
nfl.com,0,0,0,0,0,0,0,0,0,0,0,0,1,0,0,0,0
monster.com,0,0,0,0,0,0,0,0,0,0,0,1,0,0,0,0,0
codex.wordpress.org,0,0,0,0,0,0,0,0,0,0,1,1,1,0,0,0,0
dafont.com,0,0,0,0,0,0,1,0,0,0,1,1,0,0,0,0,0
tesla.com,0,0,0,0,0,0,0,0,0,0,1,1,1,1,1,1,0
lmgtfy.com,0,0,0,0,0,0,0,0,0,0,1,1,1,1,1,1,0
olympic.org,0,0,0,0,0,0,0,0,0,0,1,1,1,1,1,1,0
technet.microsoft.com,0,0,0,0,0,0,1,0,0,0,0,0,0,0,0,0,0
baidu.com,0,0,0,0,0,0,0,0,0,0,0,0,1,1,1,1,0
desktop.github.com,0,0,0,0,0,0,0,0,0,0,0,0,0,0,0,0,0
overcast.fm,0,0,0,0,0,0,0,0,0,0,0,0,0,0,0,0,0
allmusic.com,0,0,0,0,0,0,0,0,0,0,0,0,0,0,0,0,0
cdbaby.com,0,0,0,0,0,0,0,0,0,0,0,0,0,0,0,0,0
vsco.co,0,0,0,0,0,0,0,0,0,0,1,1,0,0,0,0,0
nvidia.com,0,0,0,0,0,0,0,0,0,0,0,1,0,0,0,0,0
stadt-bremerhaven.de,0,0,0,0,0,0,0,1,0,0,1,1,0,0,0,0,0
faa.gov,0,0,0,0,0,0,0,0,0,0,0,0,1,1,1,1,0
blogs.yahoo.co.jp,0,0,0,0,0,0,0,0,0,0,1,1,1,1,1,1,0
bild.de,0,0,0,0,0,0,0,0,0,0,1,1,0,0,0,0,0
lenovo.com,0,0,0,0,0,0,0,0,0,0,0,1,0,0,0,0,0
funnyordie.com,0,0,0,0,0,0,0,0,0,0,0,0,1,0,0,0,0
ssl.google-analytics.com,0,0,0,0,0,0,0,1,0,0,0,1,0,0,0,0,0
abebooks.com,0,0,0,0,0,0,0,0,0,0,0,0,0,0,0,0,0
spectrum.ieee.org,0,0,0,0,0,0,0,0,0,0,0,0,1,0,0,0,0
thinkgeek.com,0,0,0,0,0,0,0,0,0,0,0,0,1,1,1,1,0
snip.ly,0,0,0,0,0,0,0,0,0,0,0,0,0,0,0,0,0
pixiv.net,0,0,0,0,0,0,0,0,0,0,0,1,1,0,0,0,0
buzzsprout.com,0,0,0,0,0,0,1,0,0,0,0,1,0,0,0,0,0
patents.google.com,0,0,0,0,0,0,0,0,0,0,0,0,0,0,0,0,0
orcid.org,0,0,0,0,0,0,0,0,0,0,0,0,1,1,1,1,0
cdn.ampproject.org,0,0,0,0,0,0,0,0,0,0,0,1,0,0,0,0,0
blog.feedspot.com,0,0,0,0,0,0,1,0,0,0,0,0,0,0,0,0,0
vr.google.com,0,0,0,0,0,0,0,0,0,0,0,0,1,0,0,0,0
opinionator.blogs.nytimes.com,0,0,0,0,0,0,0,0,0,0,0,0,0,0,0,0,0
ericsson.com,0,0,0,0,0,0,0,0,0,0,0,1,0,0,0,0,0
